AtBat,Hits,HmRun,Runs,RBI,Walks,Years,CAtBat,CHits,CHmRun,CRuns,CRBI,CWalks,PutOuts,Assists,Errors,Salary,NEW_HitRatio,NEW_RunRatio,NEW_CHitRatio,NEW_CRunRatio,NEW_Avg_AtBat,NEW_Avg_Hits,NEW_Avg_HmRun,NEW_Avg_Runs,NEW_Avg_RBI,NEW_Avg_Walks,League_N,Division_W,NewLeague_N
315,81,7,24,38,39,14,3449,835,69,321,414,375,632,43,10,475.0,0.2571428571428571,0.2916666666666667,0.24209915917657293,0.21495327102803738,246.35714285714286,59.642857142857146,4.928571428571429,22.928571428571427,29.571428571428573,26.785714285714285,1,1,1
479,130,18,66,72,76,3,1624,457,63,224,266,263,880,82,14,480.0,0.27139874739039666,0.2727272727272727,0.2814039408866995,0.28125,541.3333333333334,152.33333333333334,21.0,74.66666666666667,88.66666666666667,87.66666666666667,0,1,0
496,141,20,65,78,37,11,5628,1575,225,828,838,354,200,11,3,500.0,0.2842741935483871,0.3076923076923077,0.2798507462686567,0.2717391304347826,511.6363636363636,143.1818181818182,20.454545454545453,75.27272727272727,76.18181818181819,32.18181818181818,1,0,1
321,87,10,39,42,30,2,396,101,12,48,46,33,805,40,4,91.5,0.27102803738317754,0.2564102564102564,0.255050505050505,0.25,198.0,50.5,6.0,24.0,23.0,16.5,1,0,1
594,169,4,74,51,35,11,4408,1133,19,501,336,194,282,421,25,750.0,0.2845117845117845,0.05405405405405406,0.257032667876588,0.03792415169660679,400.72727272727275,103.0,1.7272727272727273,45.54545454545455,30.545454545454547,17.636363636363637,0,1,0
185,37,1,23,8,21,2,214,42,1,30,9,24,76,127,7,70.0,0.2,0.043478260869565216,0.19626168224299065,0.03333333333333333,107.0,21.0,0.5,15.0,4.5,12.0,1,0,0
298,73,0,24,24,7,3,509,108,0,41,37,12,121,283,9,100.0,0.24496644295302014,0.0,0.21218074656188604,0.0,169.66666666666666,36.0,0.0,13.666666666666666,12.333333333333334,4.0,0,1,0
323,81,6,26,32,8,2,341,86,6,32,34,8,143,290,19,75.0,0.25077399380804954,0.23076923076923078,0.25219941348973607,0.1875,170.5,43.0,3.0,16.0,17.0,4.0,1,1,1
401,92,17,49,66,65,13,5206,1332,253,784,890,866,0,0,0,1100.0,0.22942643391521197,0.3469387755102041,0.2558586246638494,0.3227040816326531,400.46153846153845,102.46153846153847,19.46153846153846,60.30769230769231,68.46153846153847,66.61538461538461,0,0,0
574,159,21,107,75,59,10,4631,1300,90,702,504,488,238,445,22,517.143,0.2770034843205575,0.19626168224299065,0.28071690779529257,0.1282051282051282,463.1,130.0,9.0,70.2,50.4,48.8,0,0,0
202,53,4,31,26,27,9,1876,467,15,192,186,161,304,45,11,512.5,0.2623762376237624,0.12903225806451613,0.24893390191897655,0.078125,208.44444444444446,51.888888888888886,1.6666666666666667,21.333333333333332,20.666666666666668,17.88888888888889,1,1,1
418,113,13,48,61,47,4,1512,392,41,205,204,203,211,11,7,550.0,0.2703349282296651,0.2708333333333333,0.25925925925925924,0.2,378.0,98.0,10.25,51.25,51.0,50.75,1,0,1
239,60,0,30,11,22,6,1941,510,4,309,103,207,121,151,6,700.0,0.2510460251046025,0.0,0.26275115919629055,0.012944983818770227,323.5,85.0,0.6666666666666666,51.5,17.166666666666668,34.5,0,0,0
196,43,7,29,27,30,13,3231,825,36,376,290,238,80,45,8,240.0,0.2193877551020408,0.2413793103448276,0.255338904363974,0.09574468085106383,248.53846153846155,63.46153846153846,2.769230769230769,28.923076923076923,22.307692307692307,18.307692307692307,1,0,1
568,158,20,89,75,73,15,8068,2273,177,1045,993,732,105,290,10,775.0,0.27816901408450706,0.2247191011235955,0.28173029251363413,0.16937799043062202,537.8666666666667,151.53333333333333,11.8,69.66666666666667,66.2,48.8,1,1,1
190,46,2,24,8,15,5,479,102,5,65,23,39,102,177,16,175.0,0.24210526315789474,0.08333333333333333,0.21294363256784968,0.07692307692307693,95.8,20.4,1.0,13.0,4.6,7.8,0,1,0
127,32,8,16,22,14,8,727,180,24,67,82,56,202,22,2,135.0,0.25196850393700787,0.5,0.24759284731774414,0.3582089552238806,90.875,22.5,3.0,8.375,10.25,7.0,1,1,1
413,92,16,72,48,65,1,413,92,16,72,48,65,280,9,5,100.0,0.22276029055690072,0.2222222222222222,0.22276029055690072,0.2222222222222222,413.0,92.0,16.0,72.0,48.0,65.0,1,0,1
426,109,3,55,43,62,1,426,109,3,55,43,62,361,22,2,115.0,0.25586854460093894,0.05454545454545454,0.25586854460093894,0.05454545454545454,426.0,109.0,3.0,55.0,43.0,62.0,0,1,1
472,116,16,60,62,74,6,1924,489,67,242,251,240,518,55,3,600.0,0.2457627118644068,0.26666666666666666,0.25415800415800416,0.2768595041322314,320.6666666666667,81.5,11.166666666666666,40.333333333333336,41.833333333333336,40.0,1,1,1
629,168,18,73,102,40,18,8424,2464,164,1008,1072,402,1067,157,14,776.667,0.2670906200317965,0.2465753424657534,0.2924976258309592,0.1626984126984127,468.0,136.88888888888889,9.11111111111111,56.0,59.55555555555556,22.333333333333332,0,0,0
587,163,4,92,51,70,6,2695,747,17,442,198,317,434,9,3,765.0,0.2776831345826235,0.043478260869565216,0.2771799628942486,0.038461538461538464,449.1666666666667,124.5,2.8333333333333335,73.66666666666667,33.0,52.833333333333336,0,0,0
324,73,4,32,18,22,7,1931,491,13,291,108,180,222,3,3,708.333,0.22530864197530864,0.125,0.2542723977213879,0.044673539518900345,275.85714285714283,70.14285714285714,1.8571428571428572,41.57142857142857,15.428571428571429,25.714285714285715,1,0,1
474,129,10,50,56,40,10,2331,604,61,246,327,166,732,83,13,750.0,0.2721518987341772,0.2,0.25911625911625913,0.24796747967479674,233.1,60.4,6.1,24.6,32.7,16.6,1,1,1
550,152,6,92,37,81,5,2308,633,32,349,182,308,262,329,16,625.0,0.27636363636363637,0.06521739130434782,0.274263431542461,0.09169054441260745,461.6,126.6,6.4,69.8,36.4,61.6,1,1,1
513,137,20,90,95,90,14,5201,1382,166,763,734,784,267,5,3,900.0,0.26705653021442494,0.2222222222222222,0.26571813112862913,0.21756225425950196,371.5,98.71428571428571,11.857142857142858,54.5,52.42857142857143,56.0,0,1,0
419,108,6,55,36,22,3,591,149,8,80,46,31,226,7,4,110.0,0.2577565632458234,0.10909090909090909,0.2521150592216582,0.1,197.0,49.666666666666664,2.6666666666666665,26.666666666666668,15.333333333333334,10.333333333333334,1,1,1
583,168,17,83,80,56,5,1646,452,44,219,208,136,109,292,25,612.5,0.2881646655231561,0.20481927710843373,0.27460510328068044,0.2009132420091324,329.2,90.4,8.8,43.8,41.6,27.2,0,0,0
204,49,6,23,25,12,7,1309,308,27,126,132,66,419,46,5,300.0,0.24019607843137256,0.2608695652173913,0.23529411764705882,0.21428571428571427,187.0,44.0,3.857142857142857,18.0,18.857142857142858,9.428571428571429,0,1,0
379,106,10,38,60,30,14,6207,1906,146,859,803,571,72,170,24,850.0,0.2796833773087071,0.2631578947368421,0.3070726599001128,0.16996507566938301,443.35714285714283,136.14285714285714,10.428571428571429,61.357142857142854,57.357142857142854,40.785714285714285,1,1,1
268,60,5,24,25,15,2,350,78,5,34,29,18,442,59,6,90.0,0.22388059701492538,0.20833333333333334,0.22285714285714286,0.14705882352941177,175.0,39.0,2.5,17.0,14.5,9.0,1,1,1
181,41,1,15,21,33,2,232,50,4,20,29,45,326,29,5,67.5,0.2265193370165746,0.06666666666666667,0.21551724137931033,0.2,116.0,25.0,2.0,10.0,14.5,22.5,0,0,0
217,46,7,32,19,9,4,694,160,32,86,76,32,307,25,1,180.0,0.2119815668202765,0.21875,0.23054755043227665,0.37209302325581395,173.5,40.0,8.0,21.5,19.0,8.0,0,0,0
254,68,2,28,26,22,6,999,236,21,108,117,118,359,30,4,305.0,0.2677165354330709,0.07142857142857142,0.23623623623623624,0.19444444444444445,166.5,39.333333333333336,3.5,18.0,19.5,19.666666666666668,0,0,0
416,132,7,57,49,33,3,932,273,24,113,121,80,73,177,18,215.0,0.3173076923076923,0.12280701754385964,0.2929184549356223,0.21238938053097345,310.6666666666667,91.0,8.0,37.666666666666664,40.333333333333336,26.666666666666668,1,1,1
205,57,8,34,32,9,5,756,192,32,117,107,51,58,4,4,247.5,0.2780487804878049,0.23529411764705882,0.25396825396825395,0.27350427350427353,151.2,38.4,6.4,23.4,21.4,10.2,0,0,0
526,146,13,71,70,84,6,2648,715,77,352,342,289,303,9,9,815.0,0.27756653992395436,0.18309859154929578,0.2700151057401813,0.21875,441.3333333333333,119.16666666666667,12.833333333333334,58.666666666666664,57.0,48.166666666666664,1,1,1
457,101,14,42,63,22,17,6521,1767,281,1003,977,619,389,39,4,875.0,0.2210065645514223,0.3333333333333333,0.2709707100138016,0.28015952143569295,383.5882352941176,103.94117647058823,16.529411764705884,59.0,57.470588235294116,36.411764705882355,0,1,0
214,53,2,30,29,23,2,226,59,2,32,32,27,109,7,3,70.0,0.24766355140186916,0.06666666666666667,0.2610619469026549,0.0625,113.0,29.5,1.0,16.0,16.0,13.5,1,0,1
591,168,19,80,72,39,9,4478,1307,113,634,563,319,67,147,4,1200.0,0.28426395939086296,0.2375,0.29187137114783385,0.17823343848580442,497.55555555555554,145.22222222222223,12.555555555555555,70.44444444444444,62.55555555555556,35.44444444444444,0,1,0
403,101,12,45,53,39,12,5150,1429,166,747,666,526,316,6,5,675.0,0.2506203473945409,0.26666666666666666,0.27747572815533983,0.2222222222222222,429.1666666666667,119.08333333333333,13.833333333333334,62.25,55.5,43.833333333333336,0,0,0
405,102,18,49,85,20,6,950,231,29,99,138,64,161,10,3,415.0,0.2518518518518518,0.3673469387755102,0.2431578947368421,0.29292929292929293,158.33333333333334,38.5,4.833333333333333,16.5,23.0,10.666666666666666,1,1,1
244,58,9,28,25,35,4,1335,333,49,164,179,194,142,14,2,340.0,0.23770491803278687,0.32142857142857145,0.24943820224719102,0.29878048780487804,333.75,83.25,12.25,41.0,44.75,48.5,1,1,1
313,78,6,32,41,12,12,3742,968,35,409,321,170,106,206,7,416.667,0.24920127795527156,0.1875,0.2586851950828434,0.08557457212713937,311.8333333333333,80.66666666666667,2.9166666666666665,34.083333333333336,26.75,14.166666666666666,1,1,1
416,113,24,58,69,16,1,416,113,24,58,69,16,203,70,10,90.0,0.27163461538461536,0.41379310344827586,0.27163461538461536,0.41379310344827586,416.0,113.0,24.0,58.0,69.0,16.0,0,0,0
155,44,6,21,23,15,16,6631,1634,98,698,661,777,53,88,3,275.0,0.2838709677419355,0.2857142857142857,0.24641833810888253,0.14040114613180515,414.4375,102.125,6.125,43.625,41.3125,48.5625,1,0,1
236,56,0,27,15,11,4,1115,270,1,116,64,57,125,199,13,230.0,0.23728813559322035,0.0,0.242152466367713,0.008620689655172414,278.75,67.5,0.25,29.0,16.0,14.25,0,1,0
216,53,1,31,15,22,4,926,210,9,118,69,114,73,152,11,225.0,0.24537037037037038,0.03225806451612903,0.2267818574514039,0.07627118644067797,231.5,52.5,2.25,29.5,17.25,28.5,1,1,1
585,139,31,93,94,62,17,7546,1982,315,1141,1179,727,0,0,0,950.0,0.2376068376068376,0.3333333333333333,0.2626557116353035,0.27607361963190186,443.88235294117646,116.58823529411765,18.529411764705884,67.11764705882354,69.3529411764706,42.76470588235294,0,0,0
199,53,5,29,22,21,3,514,120,8,57,40,39,152,3,5,75.0,0.2663316582914573,0.1724137931034483,0.23346303501945526,0.14035087719298245,171.33333333333334,40.0,2.6666666666666665,19.0,13.333333333333334,13.0,0,1,0
521,142,20,67,86,45,4,815,205,22,99,103,78,107,242,23,105.0,0.272552783109405,0.29850746268656714,0.25153374233128833,0.2222222222222222,203.75,51.25,5.5,24.75,25.75,19.5,0,0,0
311,81,3,42,30,26,17,8247,2198,100,950,909,690,153,223,10,320.0,0.2604501607717042,0.07142857142857142,0.2665211592094095,0.10526315789473684,485.11764705882354,129.2941176470588,5.882352941176471,55.88235294117647,53.470588235294116,40.588235294117645,1,1,1
512,131,26,69,96,52,14,5347,1397,221,712,815,548,119,216,12,850.0,0.255859375,0.37681159420289856,0.26126800074808304,0.3103932584269663,381.92857142857144,99.78571428571429,15.785714285714286,50.857142857142854,58.214285714285715,39.142857142857146,0,1,0
507,122,29,78,85,91,18,7761,1947,347,1175,1152,1380,808,108,2,535.0,0.2406311637080868,0.3717948717948718,0.25086973328179357,0.29531914893617023,431.1666666666667,108.16666666666667,19.27777777777778,65.27777777777777,64.0,76.66666666666667,0,0,0
529,137,26,86,97,97,15,6661,1785,291,1082,949,989,280,10,5,933.333,0.2589792060491493,0.3023255813953488,0.2679777811139469,0.2689463955637708,444.06666666666666,119.0,19.4,72.13333333333334,63.266666666666666,65.93333333333334,0,0,0
424,119,6,57,46,13,9,3651,1046,32,461,301,112,224,286,8,850.0,0.2806603773584906,0.10526315789473684,0.2864968501780334,0.06941431670281996,405.6666666666667,116.22222222222223,3.5555555555555554,51.22222222222222,33.44444444444444,12.444444444444445,0,0,1
351,97,4,55,29,39,4,1258,353,16,196,110,117,226,7,3,210.0,0.27635327635327633,0.07272727272727272,0.28060413354531,0.08163265306122448,314.5,88.25,4.0,49.0,27.5,29.25,1,1,0
388,103,15,59,47,39,6,2174,555,80,285,274,186,182,9,4,325.0,0.2654639175257732,0.2542372881355932,0.25528978840846367,0.2807017543859649,362.3333333333333,92.5,13.333333333333334,47.5,45.666666666666664,31.0,0,1,0
339,96,4,37,29,23,4,1064,290,11,123,108,55,104,213,9,275.0,0.2831858407079646,0.10810810810810811,0.2725563909774436,0.08943089430894309,266.0,72.5,2.75,30.75,27.0,13.75,0,1,0
255,70,7,49,35,43,15,6311,1661,154,1019,608,820,51,54,8,450.0,0.27450980392156865,0.14285714285714285,0.2631912533671367,0.15112855740922473,420.73333333333335,110.73333333333333,10.266666666666667,67.93333333333334,40.53333333333333,54.666666666666664,1,0,1
329,83,9,50,39,56,9,3828,948,145,575,528,635,276,6,2,600.0,0.25227963525835867,0.18,0.2476489028213166,0.25217391304347825,425.3333333333333,105.33333333333333,16.11111111111111,63.888888888888886,58.666666666666664,70.55555555555556,0,1,0
637,174,31,89,116,56,14,6727,2024,247,978,1093,495,278,9,9,1041.667,0.2731554160125589,0.34831460674157305,0.30087706258361824,0.25255623721881393,480.5,144.57142857142858,17.642857142857142,69.85714285714286,78.07142857142857,35.357142857142854,1,1,1
280,82,16,44,45,47,2,428,113,25,61,70,63,148,4,2,110.0,0.29285714285714287,0.36363636363636365,0.26401869158878505,0.4098360655737705,214.0,56.5,12.5,30.5,35.0,31.5,0,0,0
155,41,12,21,29,22,16,5409,1338,181,746,805,875,165,9,1,260.0,0.2645161290322581,0.5714285714285714,0.2473655019412091,0.24262734584450402,338.0625,83.625,11.3125,46.625,50.3125,54.6875,0,1,0
458,114,13,67,57,48,4,1350,298,28,160,123,122,246,389,18,475.0,0.24890829694323144,0.19402985074626866,0.22074074074074074,0.175,337.5,74.5,7.0,40.0,30.75,30.5,0,1,0
314,83,13,39,46,16,5,1457,405,28,156,159,76,533,40,4,431.5,0.2643312101910828,0.3333333333333333,0.2779684282772821,0.1794871794871795,291.4,81.0,5.6,31.2,31.8,15.2,0,1,0
475,123,27,76,93,72,4,1810,471,108,292,343,267,226,10,6,1220.0,0.25894736842105265,0.35526315789473684,0.26022099447513813,0.3698630136986301,452.5,117.75,27.0,73.0,85.75,66.75,1,0,1
317,78,7,35,35,32,1,317,78,7,35,35,32,45,122,26,70.0,0.24605678233438485,0.2,0.24605678233438485,0.2,317.0,78.0,7.0,35.0,35.0,32.0,0,0,0
511,138,25,76,96,61,3,592,164,28,87,110,71,157,7,8,145.0,0.2700587084148728,0.32894736842105265,0.27702702702702703,0.3218390804597701,197.33333333333334,54.666666666666664,9.333333333333334,29.0,36.666666666666664,23.666666666666668,0,1,0
382,119,13,54,58,36,12,2133,594,41,287,294,227,59,156,9,595.0,0.31151832460732987,0.24074074074074073,0.27848101265822783,0.14285714285714285,177.75,49.5,3.4166666666666665,23.916666666666668,24.5,18.916666666666668,1,1,1
415,115,27,97,71,68,3,711,184,45,156,119,99,274,2,7,300.0,0.27710843373493976,0.27835051546391754,0.2587904360056259,0.28846153846153844,237.0,61.333333333333336,15.0,52.0,39.666666666666664,33.0,1,1,1
424,110,15,70,47,36,7,2130,544,38,335,174,258,292,6,3,490.0,0.25943396226415094,0.21428571428571427,0.25539906103286386,0.11343283582089553,304.2857142857143,77.71428571428571,5.428571428571429,47.857142857142854,24.857142857142858,36.857142857142854,1,1,1
233,49,2,41,23,18,8,1350,336,7,166,122,106,102,132,10,375.0,0.21030042918454936,0.04878048780487805,0.24888888888888888,0.04216867469879518,168.75,42.0,0.875,20.75,15.25,13.25,0,0,0
566,154,22,76,84,43,14,6100,1583,131,743,693,300,316,439,10,750.0,0.27208480565371024,0.2894736842105263,0.2595081967213115,0.17631224764468373,435.7142857142857,113.07142857142857,9.357142857142858,53.07142857142857,49.5,21.428571428571427,0,1,0
641,198,31,101,108,41,5,2129,610,92,297,319,117,269,17,10,1175.0,0.3088923556942278,0.3069306930693069,0.28651949271958665,0.30976430976430974,425.8,122.0,18.4,59.4,63.8,23.4,0,0,0
215,51,4,19,18,11,1,215,51,4,19,18,11,116,5,12,70.0,0.2372093023255814,0.21052631578947367,0.2372093023255814,0.21052631578947367,215.0,51.0,4.0,19.0,18.0,11.0,0,0,0
325,76,16,33,52,37,5,1506,351,71,195,219,214,726,87,3,385.0,0.23384615384615384,0.48484848484848486,0.23306772908366533,0.3641025641025641,301.2,70.2,14.2,39.0,43.8,42.8,1,1,0
574,152,31,91,101,64,3,985,260,53,148,173,95,1253,111,11,215.0,0.26480836236933797,0.34065934065934067,0.2639593908629442,0.3581081081081081,328.3333333333333,86.66666666666667,17.666666666666668,49.333333333333336,57.666666666666664,31.666666666666668,1,1,1
596,171,34,91,108,52,6,2862,728,107,361,401,224,118,334,21,900.0,0.28691275167785235,0.37362637362637363,0.2543675751222921,0.296398891966759,477.0,121.33333333333333,17.833333333333332,60.166666666666664,66.83333333333333,37.333333333333336,0,1,0
472,118,12,63,54,30,4,793,187,14,102,80,50,228,377,26,155.0,0.25,0.19047619047619047,0.23581336696090793,0.13725490196078433,198.25,46.75,3.5,25.5,20.0,12.5,0,1,0
283,77,14,45,47,26,16,6840,1910,259,915,1067,546,144,6,5,700.0,0.27208480565371024,0.3111111111111111,0.27923976608187134,0.2830601092896175,427.5,119.375,16.1875,57.1875,66.6875,34.125,0,1,0
408,94,4,42,36,66,9,3573,866,59,429,365,410,282,487,19,535.0,0.23039215686274508,0.09523809523809523,0.24237335572348168,0.13752913752913754,397.0,96.22222222222223,6.555555555555555,47.666666666666664,40.55555555555556,45.55555555555556,1,1,1
327,85,3,30,44,20,8,2140,568,16,216,208,93,91,185,12,362.5,0.2599388379204893,0.1,0.26542056074766357,0.07407407407407407,267.5,71.0,2.0,27.0,26.0,11.625,0,0,0
370,96,21,49,46,60,15,6986,1972,231,1070,955,921,137,5,9,733.333,0.2594594594594595,0.42857142857142855,0.2822788434010879,0.21588785046728973,465.73333333333335,131.46666666666667,15.4,71.33333333333333,63.666666666666664,61.4,1,0,1
354,77,16,36,55,41,20,8716,2172,384,1172,1267,1057,83,174,16,200.0,0.2175141242937853,0.4444444444444444,0.2491968793024323,0.32764505119453924,435.8,108.6,19.2,58.6,63.35,52.85,1,1,1
539,139,5,93,58,69,5,1469,369,12,247,126,198,462,9,7,400.0,0.25788497217068646,0.053763440860215055,0.25119128658951667,0.048582995951417005,293.8,73.8,2.4,49.4,25.2,39.6,0,1,0
340,84,11,62,33,47,5,1516,376,42,284,141,219,185,8,4,400.0,0.24705882352941178,0.1774193548387097,0.24802110817941952,0.14788732394366197,303.2,75.2,8.4,56.8,28.2,43.8,1,0,0
510,126,2,42,44,35,11,5562,1578,44,703,519,256,207,358,20,737.5,0.24705882352941178,0.047619047619047616,0.2837108953613808,0.06258890469416785,505.6363636363636,143.45454545454547,4.0,63.90909090909091,47.18181818181818,23.272727272727273,1,1,1
282,78,13,37,51,29,5,1649,453,73,211,280,138,670,57,5,500.0,0.2765957446808511,0.35135135135135137,0.27471194663432386,0.3459715639810427,329.8,90.6,14.6,42.2,56.0,27.6,0,1,0
380,120,5,54,51,31,8,3118,900,92,444,419,240,237,8,1,600.0,0.3157894736842105,0.09259259259259259,0.28864656831302116,0.2072072072072072,389.75,112.5,11.5,55.5,52.375,30.0,0,1,0
584,158,15,70,84,42,5,2358,636,58,265,316,134,331,20,4,662.5,0.2705479452054795,0.21428571428571427,0.2697201017811705,0.2188679245283019,471.6,127.2,11.6,53.0,63.2,26.8,1,0,1
570,169,21,72,88,38,7,3754,1077,140,492,589,263,295,15,5,950.0,0.2964912280701754,0.2916666666666667,0.2868939797549281,0.2845528455284553,536.2857142857143,153.85714285714286,20.0,70.28571428571429,84.14285714285714,37.57142857142857,0,1,0
306,104,14,50,58,25,7,2954,822,55,313,377,187,116,222,15,750.0,0.33986928104575165,0.28,0.27826675693974273,0.1757188498402556,422.0,117.42857142857143,7.857142857142857,44.714285714285715,53.857142857142854,26.714285714285715,1,0,1
220,54,10,30,39,31,5,1185,299,40,145,154,128,50,136,20,297.5,0.24545454545454545,0.3333333333333333,0.2523206751054852,0.27586206896551724,237.0,59.8,8.0,29.0,30.8,25.6,1,0,1
278,70,7,22,37,18,18,7186,2081,190,935,1088,643,0,0,0,325.0,0.2517985611510791,0.3181818181818182,0.28959087113832455,0.20320855614973263,399.22222222222223,115.61111111111111,10.555555555555555,51.94444444444444,60.44444444444444,35.72222222222222,0,1,0
445,99,1,46,24,29,4,618,129,1,72,31,48,278,415,16,87.5,0.22247191011235956,0.021739130434782608,0.2087378640776699,0.013888888888888888,154.5,32.25,0.25,18.0,7.75,12.0,0,1,0
143,39,5,18,30,15,9,639,151,16,80,97,61,138,15,1,175.0,0.2727272727272727,0.2777777777777778,0.23630672926447574,0.2,71.0,16.77777777777778,1.7777777777777777,8.88888888888889,10.777777777777779,6.777777777777778,1,1,1
185,40,4,23,11,18,3,524,125,7,58,37,47,97,2,2,90.0,0.21621621621621623,0.17391304347826086,0.2385496183206107,0.1206896551724138,174.66666666666666,41.666666666666664,2.3333333333333335,19.333333333333332,12.333333333333334,15.666666666666666,1,0,1
589,170,40,107,108,69,6,2325,634,128,371,376,238,368,20,3,1237.5,0.28862478777589134,0.37383177570093457,0.27268817204301077,0.3450134770889488,387.5,105.66666666666667,21.333333333333332,61.833333333333336,62.666666666666664,39.666666666666664,0,0,0
343,103,6,48,36,40,15,4338,1193,70,581,421,325,211,56,13,430.0,0.30029154518950435,0.125,0.27501152604887047,0.12048192771084337,289.2,79.53333333333333,4.666666666666667,38.733333333333334,28.066666666666666,21.666666666666668,0,0,0
438,103,2,65,32,71,2,440,103,2,67,32,71,276,7,9,100.0,0.23515981735159816,0.03076923076923077,0.2340909090909091,0.029850746268656716,220.0,51.5,1.0,33.5,16.0,35.5,0,1,1
600,144,33,85,117,65,2,696,173,38,101,130,69,319,4,14,165.0,0.24,0.38823529411764707,0.24856321839080459,0.37623762376237624,348.0,86.5,19.0,50.5,65.0,34.5,0,1,0
663,200,29,108,121,32,4,1447,404,57,210,222,68,241,8,6,250.0,0.30165912518853694,0.26851851851851855,0.2791983413959917,0.2714285714285714,361.75,101.0,14.25,52.5,55.5,17.0,0,0,0
232,55,9,34,23,45,12,4405,1213,194,702,705,625,623,35,3,1300.0,0.23706896551724138,0.2647058823529412,0.2753688989784336,0.27635327635327633,367.0833333333333,101.08333333333333,16.166666666666668,58.5,58.75,52.083333333333336,1,0,1
479,133,10,48,72,55,17,7472,2147,153,980,1032,854,237,5,4,773.333,0.2776617954070981,0.20833333333333334,0.2873394004282655,0.15612244897959185,439.52941176470586,126.29411764705883,9.0,57.64705882352941,60.705882352941174,50.23529411764706,1,1,1
528,132,21,61,74,41,6,2641,671,97,273,383,226,885,105,8,1008.333,0.25,0.3442622950819672,0.25407042786823175,0.3553113553113553,440.1666666666667,111.83333333333333,16.166666666666668,45.5,63.833333333333336,37.666666666666664,1,0,1
160,39,8,18,31,22,14,2128,543,56,304,268,298,33,3,0,275.0,0.24375,0.4444444444444444,0.2551691729323308,0.18421052631578946,152.0,38.785714285714285,4.0,21.714285714285715,19.142857142857142,21.285714285714285,0,0,0
599,183,10,80,74,32,5,2482,715,27,330,326,158,231,374,18,775.0,0.3055091819699499,0.125,0.28807413376309426,0.08181818181818182,496.4,143.0,5.4,66.0,65.2,31.6,0,0,0
497,136,7,58,38,26,11,3871,1066,40,450,367,241,304,347,10,850.0,0.27364185110663986,0.1206896551724138,0.27538103849134593,0.08888888888888889,351.90909090909093,96.9090909090909,3.6363636363636362,40.90909090909091,33.36363636363637,21.90909090909091,0,0,0
210,70,13,32,51,28,15,4040,1130,97,544,462,551,0,0,0,365.0,0.3333333333333333,0.40625,0.27970297029702973,0.17830882352941177,269.3333333333333,75.33333333333333,6.466666666666667,36.266666666666666,30.8,36.733333333333334,0,0,0
151,41,4,26,21,19,2,288,68,9,45,39,35,28,56,2,95.0,0.271523178807947,0.15384615384615385,0.2361111111111111,0.2,144.0,34.0,4.5,22.5,19.5,17.5,0,1,0
278,86,4,33,38,45,1,278,86,4,33,38,45,102,4,2,110.0,0.30935251798561153,0.12121212121212122,0.30935251798561153,0.12121212121212122,278.0,86.0,4.0,33.0,38.0,45.0,1,1,1
341,95,6,48,42,20,10,2964,808,81,379,428,221,158,4,5,100.0,0.2785923753665689,0.125,0.2726045883940621,0.21372031662269128,296.4,80.8,8.1,37.9,42.8,22.1,1,1,1
537,147,23,58,88,47,10,2744,730,97,302,351,174,92,257,20,277.5,0.2737430167597765,0.39655172413793105,0.2660349854227405,0.3211920529801324,274.4,73.0,9.7,30.2,35.1,17.4,1,0,1
399,102,3,56,34,34,5,670,167,4,89,48,54,211,9,3,80.0,0.2556390977443609,0.05357142857142857,0.24925373134328357,0.0449438202247191,134.0,33.4,0.8,17.8,9.6,10.8,0,1,0
309,94,5,37,32,26,13,4618,1330,57,616,522,436,161,3,3,600.0,0.3042071197411003,0.13513513513513514,0.28800346470333477,0.09253246753246754,355.2307692307692,102.3076923076923,4.384615384615385,47.38461538461539,40.15384615384615,33.53846153846154,1,0,1
616,163,27,83,107,32,3,1437,377,65,181,227,82,110,308,15,200.0,0.26461038961038963,0.3253012048192771,0.26235212247738343,0.35911602209944754,479.0,125.66666666666667,21.666666666666668,60.333333333333336,75.66666666666667,27.333333333333332,0,1,0
579,174,7,67,78,58,6,3053,880,32,366,337,218,280,479,5,657.0,0.3005181347150259,0.1044776119402985,0.2882410743530953,0.08743169398907104,508.8333333333333,146.66666666666666,5.333333333333333,61.0,56.166666666666664,36.333333333333336,1,0,1
165,39,2,13,9,16,3,196,44,2,18,10,18,332,19,2,75.0,0.23636363636363636,0.15384615384615385,0.22448979591836735,0.1111111111111111,65.33333333333333,14.666666666666666,0.6666666666666666,6.0,3.3333333333333335,6.0,0,1,1
257,66,5,31,26,32,14,3910,979,33,518,324,382,87,166,14,250.0,0.25680933852140075,0.16129032258064516,0.250383631713555,0.0637065637065637,279.2857142857143,69.92857142857143,2.357142857142857,37.0,23.142857142857142,27.285714285714285,1,1,0
315,76,13,35,60,25,3,630,151,24,68,94,55,498,39,13,155.0,0.24126984126984127,0.37142857142857144,0.2396825396825397,0.35294117647058826,210.0,50.333333333333336,8.0,22.666666666666668,31.333333333333332,18.333333333333332,1,0,1
591,157,16,90,78,26,4,2020,541,52,310,226,91,290,440,25,640.0,0.2656514382402707,0.17777777777777778,0.26782178217821784,0.16774193548387098,505.0,135.25,13.0,77.5,56.5,22.75,1,0,1
404,92,11,54,49,18,6,1354,325,30,188,135,63,222,5,5,300.0,0.22772277227722773,0.2037037037037037,0.24002954209748892,0.1595744680851064,225.66666666666666,54.166666666666664,5.0,31.333333333333332,22.5,10.5,0,0,0
315,73,5,23,37,16,4,450,108,6,38,46,28,227,15,3,110.0,0.23174603174603176,0.21739130434782608,0.24,0.15789473684210525,112.5,27.0,1.5,9.5,11.5,7.0,0,1,0
429,91,12,41,42,57,13,5590,1397,83,578,579,644,686,46,4,825.0,0.21212121212121213,0.2926829268292683,0.24991055456171735,0.14359861591695502,430.0,107.46153846153847,6.384615384615385,44.46153846153846,44.53846153846154,49.53846153846154,0,1,1
453,101,3,46,43,61,3,948,218,6,96,72,91,249,444,16,195.0,0.2229580573951435,0.06521739130434782,0.229957805907173,0.0625,316.0,72.66666666666667,2.0,32.0,24.0,30.333333333333332,1,1,1
184,47,5,20,28,18,11,3327,890,74,419,382,304,49,2,0,450.0,0.2554347826086957,0.25,0.2675082657048392,0.1766109785202864,302.45454545454544,80.9090909090909,6.7272727272727275,38.09090909090909,34.72727272727273,27.636363636363637,1,1,1
591,184,20,83,79,38,5,1689,462,40,219,195,82,303,12,5,630.0,0.311336717428088,0.24096385542168675,0.27353463587921845,0.182648401826484,337.8,92.4,8.0,43.8,39.0,16.4,1,1,1
181,58,6,34,23,22,1,181,58,6,34,23,22,88,0,3,86.5,0.32044198895027626,0.17647058823529413,0.32044198895027626,0.17647058823529413,181.0,58.0,6.0,34.0,23.0,22.0,1,1,1
441,118,28,84,86,68,8,2723,750,126,433,420,309,190,2,2,1300.0,0.2675736961451247,0.3333333333333333,0.2754315093646713,0.2909930715935335,340.375,93.75,15.75,54.125,52.5,38.625,0,0,0
490,150,21,69,58,35,14,6126,1839,121,983,707,600,96,5,3,1000.0,0.30612244897959184,0.30434782608695654,0.30019588638589617,0.12309257375381485,437.57142857142856,131.35714285714286,8.642857142857142,70.21428571428571,50.5,42.857142857142854,0,0,1
550,147,29,85,91,71,6,2816,815,117,405,474,319,1218,104,10,1310.0,0.2672727272727273,0.3411764705882353,0.28941761363636365,0.28888888888888886,469.3333333333333,135.83333333333334,19.5,67.5,79.0,53.166666666666664,0,1,0
283,74,4,34,29,22,10,3919,1062,85,505,456,283,145,5,7,737.5,0.26148409893992935,0.11764705882352941,0.27098749681041084,0.16831683168316833,391.9,106.2,8.5,50.5,45.6,28.3,1,1,1
560,161,26,89,96,66,4,1789,470,65,233,260,155,332,9,8,625.0,0.2875,0.29213483146067415,0.26271660145332587,0.27896995708154504,447.25,117.5,16.25,58.25,65.0,38.75,1,1,1
328,91,12,51,43,33,2,342,94,12,51,44,33,145,59,8,125.0,0.2774390243902439,0.23529411764705882,0.27485380116959063,0.23529411764705882,171.0,47.0,6.0,25.5,22.0,16.5,1,0,1
586,159,12,72,79,53,9,3082,880,83,363,477,295,181,13,4,1043.333,0.2713310580204778,0.16666666666666666,0.2855288773523686,0.22865013774104684,342.44444444444446,97.77777777777777,9.222222222222221,40.333333333333336,53.0,32.77777777777778,1,0,1
503,136,5,62,48,83,10,3423,970,20,408,303,414,65,258,8,725.0,0.27037773359840955,0.08064516129032258,0.2833771545427987,0.049019607843137254,342.3,97.0,2.0,40.8,30.3,41.4,1,1,1
344,85,24,69,64,88,7,911,214,64,150,156,187,0,0,0,300.0,0.24709302325581395,0.34782608695652173,0.2349066959385291,0.4266666666666667,130.14285714285714,30.571428571428573,9.142857142857142,21.428571428571427,22.285714285714285,26.714285714285715,0,1,0
680,223,31,119,96,34,3,1928,587,35,262,201,91,429,8,6,365.0,0.32794117647058824,0.2605042016806723,0.30446058091286304,0.13358778625954199,642.6666666666666,195.66666666666666,11.666666666666666,87.33333333333333,67.0,30.333333333333332,0,1,0
279,64,0,31,26,30,1,279,64,0,31,26,30,107,205,16,75.0,0.22939068100358423,0.0,0.22939068100358423,0.0,279.0,64.0,0.0,31.0,26.0,30.0,1,1,1
484,127,20,66,65,67,7,3006,844,116,436,458,377,1231,80,7,1183.333,0.26239669421487605,0.30303030303030304,0.28077178975382566,0.26605504587155965,429.42857142857144,120.57142857142857,16.571428571428573,62.285714285714285,65.42857142857143,53.857142857142854,1,0,1
431,127,8,77,45,58,2,667,187,9,117,64,88,283,8,3,202.5,0.29466357308584684,0.1038961038961039,0.280359820089955,0.07692307692307693,333.5,93.5,4.5,58.5,32.0,44.0,1,0,1
283,70,8,33,37,27,12,4479,1222,94,557,483,307,156,2,2,225.0,0.24734982332155478,0.24242424242424243,0.27282875641884347,0.1687612208258528,373.25,101.83333333333333,7.833333333333333,46.416666666666664,40.25,25.583333333333332,0,0,0
491,141,11,77,47,37,15,4291,1240,84,615,430,340,239,8,2,525.0,0.28716904276985744,0.14285714285714285,0.28897692845490563,0.13658536585365855,286.06666666666666,82.66666666666667,5.6,41.0,28.666666666666668,22.666666666666668,0,0,0
199,52,9,26,28,21,6,805,191,30,113,119,87,235,22,5,265.0,0.2613065326633166,0.34615384615384615,0.2372670807453416,0.26548672566371684,134.16666666666666,31.833333333333332,5.0,18.833333333333332,19.833333333333332,14.5,1,1,1
589,149,21,89,86,64,7,3558,928,102,513,471,351,371,6,6,787.5,0.2529711375212224,0.23595505617977527,0.26082068577852724,0.19883040935672514,508.2857142857143,132.57142857142858,14.571428571428571,73.28571428571429,67.28571428571429,50.142857142857146,0,0,0
327,84,22,53,62,38,10,4273,1123,212,577,700,334,483,48,6,800.0,0.25688073394495414,0.41509433962264153,0.2628130119354084,0.36741767764298094,427.3,112.3,21.2,57.7,70.0,33.4,0,0,1
464,128,28,67,94,52,13,5829,1552,210,740,840,452,0,0,0,587.5,0.27586206896551724,0.417910447761194,0.26625493223537483,0.28378378378378377,448.38461538461536,119.38461538461539,16.153846153846153,56.92307692307692,64.61538461538461,34.76923076923077,0,1,0
338,92,18,42,60,21,3,682,185,36,88,112,50,0,0,0,145.0,0.27218934911242604,0.42857142857142855,0.27126099706744866,0.4090909090909091,227.33333333333334,61.666666666666664,12.0,29.333333333333332,37.333333333333336,16.666666666666668,0,0,0
584,157,20,95,73,63,10,4704,1320,93,724,522,576,276,421,11,420.0,0.2688356164383562,0.21052631578947367,0.28061224489795916,0.12845303867403315,470.4,132.0,9.3,72.4,52.2,57.6,0,0,0
216,54,2,27,25,33,1,216,54,2,27,25,33,317,36,1,75.0,0.25,0.07407407407407407,0.25,0.07407407407407407,216.0,54.0,2.0,27.0,25.0,33.0,1,1,1
625,179,4,94,60,65,5,1696,476,12,216,163,166,303,450,14,575.0,0.2864,0.0425531914893617,0.2806603773584906,0.05555555555555555,339.2,95.2,2.4,43.2,32.6,33.2,0,0,0
489,131,19,77,55,34,7,2051,549,62,300,263,153,310,9,9,780.0,0.26789366053169733,0.24675324675324675,0.26767430521696733,0.20666666666666667,293.0,78.42857142857143,8.857142857142858,42.857142857142854,37.57142857142857,21.857142857142858,0,1,0
209,56,12,22,36,19,2,216,58,12,24,37,19,201,6,3,90.0,0.2679425837320574,0.5454545454545454,0.26851851851851855,0.5,108.0,29.0,6.0,12.0,18.5,9.5,1,0,1
407,93,8,47,30,30,2,969,230,14,121,69,68,172,317,25,150.0,0.2285012285012285,0.1702127659574468,0.23735810113519093,0.11570247933884298,484.5,115.0,7.0,60.5,34.5,34.0,1,1,1
490,148,14,64,78,49,13,3400,1000,113,445,491,301,0,0,0,700.0,0.3020408163265306,0.21875,0.29411764705882354,0.2539325842696629,261.53846153846155,76.92307692307692,8.692307692307692,34.23076923076923,37.76923076923077,23.153846153846153,0,0,1
442,131,18,68,77,33,6,1416,398,47,210,203,136,233,7,7,550.0,0.29638009049773756,0.2647058823529412,0.2810734463276836,0.22380952380952382,236.0,66.33333333333333,7.833333333333333,35.0,33.833333333333336,22.666666666666668,0,0,0
288,65,8,30,36,27,9,2815,698,55,315,325,189,259,30,10,650.0,0.22569444444444445,0.26666666666666666,0.24795737122557726,0.1746031746031746,312.77777777777777,77.55555555555556,6.111111111111111,35.0,36.111111111111114,21.0,1,0,0
209,54,3,25,14,12,1,209,54,3,25,14,12,102,6,3,68.0,0.2583732057416268,0.12,0.2583732057416268,0.12,209.0,54.0,3.0,25.0,14.0,12.0,0,1,0
303,71,3,18,30,36,3,344,76,3,20,36,45,468,47,6,100.0,0.23432343234323433,0.16666666666666666,0.22093023255813954,0.15,114.66666666666667,25.333333333333332,1.0,6.666666666666667,12.0,15.0,1,0,1
330,77,19,47,53,27,6,1928,516,90,247,288,161,149,8,6,670.0,0.23333333333333334,0.40425531914893614,0.2676348547717842,0.3643724696356275,321.3333333333333,86.0,15.0,41.166666666666664,48.0,26.833333333333332,1,1,1
504,120,28,71,71,54,3,1085,259,54,150,167,114,103,283,19,175.0,0.23809523809523808,0.39436619718309857,0.23870967741935484,0.36,361.6666666666667,86.33333333333333,18.0,50.0,55.666666666666664,38.0,0,0,0
258,60,8,28,33,18,3,638,170,17,80,75,36,358,32,8,137.0,0.23255813953488372,0.2857142857142857,0.2664576802507837,0.2125,212.66666666666666,56.666666666666664,5.666666666666667,26.666666666666668,25.0,12.0,0,1,0
374,94,5,36,26,62,7,1968,519,26,181,199,288,756,64,15,875.0,0.25133689839572193,0.1388888888888889,0.26371951219512196,0.143646408839779,281.14285714285717,74.14285714285714,3.7142857142857144,25.857142857142858,28.428571428571427,41.142857142857146,1,1,1
211,43,10,26,35,39,3,498,116,14,59,55,78,463,32,8,120.0,0.2037914691943128,0.38461538461538464,0.23293172690763053,0.23728813559322035,166.0,38.666666666666664,4.666666666666667,19.666666666666668,18.333333333333332,26.0,0,1,0
299,75,6,38,23,26,3,580,160,8,71,33,44,212,1,2,140.0,0.2508361204013378,0.15789473684210525,0.27586206896551724,0.11267605633802817,193.33333333333334,53.333333333333336,2.6666666666666665,23.666666666666668,11.0,14.666666666666666,1,0,1
576,167,8,89,49,57,4,822,232,19,132,83,79,325,12,8,210.0,0.2899305555555556,0.0898876404494382,0.2822384428223844,0.14393939393939395,205.5,58.0,4.75,33.0,20.75,19.75,1,0,1
381,110,9,61,45,32,7,3015,834,40,451,249,168,228,7,5,800.0,0.2887139107611549,0.14754098360655737,0.2766169154228856,0.08869179600886919,430.7142857142857,119.14285714285714,5.714285714285714,64.42857142857143,35.57142857142857,24.0,1,0,1
288,76,7,34,37,15,4,1644,408,16,198,120,113,203,3,3,240.0,0.2638888888888889,0.20588235294117646,0.24817518248175183,0.08080808080808081,411.0,102.0,4.0,49.5,30.0,28.25,1,1,1
369,93,9,43,42,49,5,1258,323,54,181,177,157,149,1,6,350.0,0.25203252032520324,0.20930232558139536,0.25675675675675674,0.2983425414364641,251.6,64.6,10.8,36.2,35.4,31.4,0,0,0
547,137,2,58,47,12,2,1038,271,3,129,80,24,261,459,22,175.0,0.25045703839122485,0.034482758620689655,0.2610789980732177,0.023255813953488372,519.0,135.5,1.5,64.5,40.0,12.0,0,1,0
572,152,18,105,49,65,2,978,249,36,168,91,101,325,13,3,200.0,0.26573426573426573,0.17142857142857143,0.254601226993865,0.21428571428571427,489.0,124.5,18.0,84.0,45.5,50.5,0,1,0
359,80,15,45,48,63,7,1493,359,61,176,202,175,682,93,13,700.0,0.22284122562674094,0.3333333333333333,0.24045545880776958,0.3465909090909091,213.28571428571428,51.285714285714285,8.714285714285714,25.142857142857142,28.857142857142858,25.0,1,1,1
526,163,12,88,50,77,4,1556,470,38,245,167,174,250,11,1,750.0,0.30988593155893535,0.13636363636363635,0.30205655526992287,0.15510204081632653,389.0,117.5,9.5,61.25,41.75,43.5,0,1,0
313,83,9,43,41,30,14,5885,1543,104,751,714,535,58,141,23,450.0,0.26517571884984026,0.20930232558139536,0.2621920135938828,0.1384820239680426,420.35714285714283,110.21428571428571,7.428571428571429,53.642857142857146,51.0,38.214285714285715,1,1,1
540,135,30,82,88,55,1,540,135,30,82,88,55,157,6,14,172.0,0.25,0.36585365853658536,0.25,0.36585365853658536,540.0,135.0,30.0,82.0,88.0,55.0,0,1,0
437,123,9,62,55,40,9,4139,1203,79,676,390,364,82,170,15,1260.0,0.2814645308924485,0.14516129032258066,0.2906499154385117,0.11686390532544379,459.8888888888889,133.66666666666666,8.777777777777779,75.11111111111111,43.333333333333336,40.44444444444444,0,0,0
237,52,0,15,25,30,24,14053,4256,160,2165,1314,1566,523,43,6,750.0,0.21940928270042195,0.0,0.3028534832420124,0.07390300230946882,585.5416666666666,177.33333333333334,6.666666666666667,90.20833333333333,54.75,65.25,1,1,1
236,56,6,41,19,21,5,1257,329,24,166,125,105,172,1,4,190.0,0.23728813559322035,0.14634146341463414,0.2617342879872713,0.14457831325301204,251.4,65.8,4.8,33.2,25.0,21.0,0,0,0
473,154,6,61,48,29,6,1966,566,29,250,252,178,846,84,9,580.0,0.32558139534883723,0.09836065573770492,0.28789420142421157,0.116,327.6666666666667,94.33333333333333,4.833333333333333,41.666666666666664,42.0,29.666666666666668,0,0,0
309,72,0,33,31,26,5,354,82,0,41,32,26,117,269,12,130.0,0.23300970873786409,0.0,0.23163841807909605,0.0,70.8,16.4,0.0,8.2,6.4,5.2,1,0,1
271,77,5,35,29,33,12,4933,1358,48,630,435,403,62,90,3,450.0,0.28413284132841327,0.14285714285714285,0.27528887086965337,0.0761904761904762,411.0833333333333,113.16666666666667,4.0,52.5,36.25,33.583333333333336,0,1,0
357,96,7,50,45,39,5,1394,344,43,178,192,136,167,2,4,300.0,0.2689075630252101,0.14,0.2467718794835007,0.24157303370786518,278.8,68.8,8.6,35.6,38.4,27.2,0,1,0
216,56,4,22,18,15,12,2796,665,43,266,304,198,391,44,4,250.0,0.25925925925925924,0.18181818181818182,0.23783977110157367,0.16165413533834586,233.0,55.416666666666664,3.5833333333333335,22.166666666666668,25.333333333333332,16.5,0,0,0
256,70,13,42,36,44,16,7058,1845,312,965,1128,990,41,118,8,1050.0,0.2734375,0.30952380952380953,0.26140549730801926,0.3233160621761658,441.125,115.3125,19.5,60.3125,70.5,61.875,1,0,0
466,108,33,75,86,72,3,652,142,44,102,109,102,286,8,8,215.0,0.2317596566523605,0.44,0.21779141104294478,0.43137254901960786,217.33333333333334,47.333333333333336,14.666666666666666,34.0,36.333333333333336,34.0,0,0,0
327,68,13,42,29,45,18,3949,939,78,438,380,466,659,53,7,400.0,0.20795107033639143,0.30952380952380953,0.237781716890352,0.1780821917808219,219.38888888888889,52.166666666666664,4.333333333333333,24.333333333333332,21.11111111111111,25.88888888888889,0,0,0
341,110,9,45,49,46,9,2331,658,50,249,322,274,251,9,4,560.0,0.3225806451612903,0.2,0.2822822822822823,0.20080321285140562,259.0,73.11111111111111,5.555555555555555,27.666666666666668,35.77777777777778,30.444444444444443,0,0,0
419,101,18,65,58,92,20,9528,2510,548,1509,1659,1342,0,0,0,487.5,0.24105011933174225,0.27692307692307694,0.26343408900083964,0.3631544068919814,476.4,125.5,27.4,75.45,82.95,67.1,0,1,0
376,82,21,42,60,35,5,1770,408,115,238,299,157,0,0,0,425.0,0.21808510638297873,0.5,0.2305084745762712,0.4831932773109244,354.0,81.6,23.0,47.6,59.8,31.4,0,1,0
486,145,11,51,76,40,11,3967,1102,67,410,497,284,88,204,16,500.0,0.29835390946502055,0.21568627450980393,0.2777917822031762,0.16341463414634147,360.6363636363636,100.18181818181819,6.090909090909091,37.27272727272727,45.18181818181818,25.818181818181817,1,0,0
246,76,5,35,39,13,6,912,234,12,102,96,80,44,0,1,250.0,0.3089430894308943,0.14285714285714285,0.2565789473684211,0.11764705882352941,152.0,39.0,2.0,17.0,16.0,13.333333333333334,0,0,0
205,52,8,31,27,17,12,5134,1323,56,643,445,459,155,3,2,400.0,0.25365853658536586,0.25806451612903225,0.25769380599922087,0.08709175738724728,427.8333333333333,110.25,4.666666666666667,53.583333333333336,37.083333333333336,38.25,0,0,0
348,90,11,50,45,43,10,2288,614,43,295,273,269,60,176,6,450.0,0.25862068965517243,0.22,0.26835664335664333,0.14576271186440679,228.8,61.4,4.3,29.5,27.3,26.9,0,0,0
523,135,8,52,44,52,9,3368,895,39,377,284,296,367,475,19,750.0,0.25812619502868067,0.15384615384615385,0.26573634204275537,0.10344827586206896,374.22222222222223,99.44444444444444,4.333333333333333,41.888888888888886,31.555555555555557,32.888888888888886,1,1,1
312,68,2,32,22,24,1,312,68,2,32,22,24,86,150,15,70.0,0.21794871794871795,0.0625,0.21794871794871795,0.0625,312.0,68.0,2.0,32.0,22.0,24.0,0,0,0
496,119,8,57,33,21,7,3358,882,36,365,280,165,155,371,29,875.0,0.2399193548387097,0.14035087719298245,0.26265634306134605,0.09863013698630137,479.7142857142857,126.0,5.142857142857143,52.142857142857146,40.0,23.571428571428573,1,1,1
126,27,3,8,10,5,4,239,49,3,16,13,14,190,2,9,190.0,0.21428571428571427,0.375,0.20502092050209206,0.1875,59.75,12.25,0.75,4.0,3.25,3.5,1,0,1
275,68,5,42,42,61,6,961,238,16,128,104,172,181,3,2,191.0,0.24727272727272728,0.11904761904761904,0.24765868886576484,0.125,160.16666666666666,39.666666666666664,2.6666666666666665,21.333333333333332,17.333333333333332,28.666666666666668,1,0,1
627,178,14,68,76,46,6,3146,902,74,494,345,242,309,492,5,740.0,0.2838915470494418,0.20588235294117646,0.2867132867132867,0.14979757085020243,524.3333333333334,150.33333333333334,12.333333333333334,82.33333333333333,57.5,40.333333333333336,1,0,1
394,86,1,38,28,36,4,1089,267,3,94,71,76,203,369,16,250.0,0.2182741116751269,0.02631578947368421,0.24517906336088155,0.031914893617021274,272.25,66.75,0.75,23.5,17.75,19.0,1,0,1
208,57,8,32,25,18,3,653,170,17,98,54,62,42,94,13,140.0,0.27403846153846156,0.25,0.26033690658499237,0.17346938775510204,217.66666666666666,56.666666666666664,5.666666666666667,32.666666666666664,18.0,20.666666666666668,1,0,1
382,101,16,50,55,22,1,382,101,16,50,55,22,200,7,6,97.5,0.2643979057591623,0.32,0.2643979057591623,0.32,382.0,101.0,16.0,50.0,55.0,22.0,0,1,0
459,113,20,59,57,68,12,5348,1369,155,713,660,735,0,0,0,740.0,0.24618736383442266,0.3389830508474576,0.25598354525056094,0.21739130434782608,445.6666666666667,114.08333333333333,12.916666666666666,59.416666666666664,55.0,61.25,0,1,0
549,149,7,73,47,42,1,549,149,7,73,47,42,255,450,17,140.0,0.27140255009107467,0.0958904109589041,0.27140255009107467,0.0958904109589041,549.0,149.0,7.0,73.0,47.0,42.0,1,1,1
288,63,3,25,33,16,10,2682,667,38,315,259,204,135,257,7,341.667,0.21875,0.12,0.24869500372856077,0.12063492063492064,268.2,66.7,3.8,31.5,25.9,20.4,0,1,0
522,163,9,82,46,62,13,7037,2019,153,1043,827,535,352,9,1,1000.0,0.31226053639846746,0.10975609756097561,0.2869120363791388,0.14669223394055608,541.3076923076923,155.30769230769232,11.76923076923077,80.23076923076923,63.61538461538461,41.15384615384615,0,0,0
512,117,29,54,88,43,6,1750,412,100,204,276,155,1236,98,18,100.0,0.228515625,0.5370370370370371,0.23542857142857143,0.49019607843137253,291.6666666666667,68.66666666666667,16.666666666666668,34.0,46.0,25.833333333333332,0,1,0
220,66,5,20,28,13,3,290,80,5,27,31,15,281,21,3,90.0,0.3,0.25,0.27586206896551724,0.18518518518518517,96.66666666666667,26.666666666666668,1.6666666666666667,9.0,10.333333333333334,5.0,0,1,0
522,140,16,73,77,60,4,730,185,22,93,106,86,1320,166,17,200.0,0.2681992337164751,0.2191780821917808,0.2534246575342466,0.23655913978494625,182.5,46.25,5.5,23.25,26.5,21.5,1,0,1
461,112,18,54,54,35,2,680,160,24,76,75,49,111,226,11,135.0,0.24295010845986983,0.3333333333333333,0.23529411764705882,0.3157894736842105,340.0,80.0,12.0,38.0,37.5,24.5,0,1,0
581,145,17,66,68,21,2,831,210,21,106,86,40,320,465,32,155.0,0.2495697074010327,0.25757575757575757,0.2527075812274368,0.19811320754716982,415.5,105.0,10.5,53.0,43.0,20.0,1,0,1
530,159,3,82,50,47,6,1619,426,11,218,149,163,196,354,15,475.0,0.3,0.036585365853658534,0.2631253860407659,0.05045871559633028,269.8333333333333,71.0,1.8333333333333333,36.333333333333336,24.833333333333332,27.166666666666668,0,1,0
439,96,0,44,36,65,4,711,148,1,68,56,99,229,406,22,150.0,0.21867881548974943,0.0,0.20815752461322082,0.014705882352941176,177.75,37.0,0.25,17.0,14.0,24.75,1,0,1
453,103,8,53,33,52,2,507,123,8,63,39,58,289,407,6,105.0,0.22737306843267108,0.1509433962264151,0.24260355029585798,0.12698412698412698,253.5,61.5,4.0,31.5,19.5,29.0,0,1,0
528,122,1,67,45,51,4,1716,403,12,211,146,155,209,372,17,350.0,0.23106060606060605,0.014925373134328358,0.23484848484848486,0.05687203791469194,429.0,100.75,3.0,52.75,36.5,38.75,0,1,0
633,210,6,91,56,59,6,3070,872,19,420,230,274,367,432,16,90.0,0.33175355450236965,0.06593406593406594,0.28403908794788274,0.04523809523809524,511.6666666666667,145.33333333333334,3.1666666666666665,70.0,38.333333333333336,45.666666666666664,1,1,1
562,169,17,88,73,53,8,3181,841,61,450,342,373,351,442,17,530.0,0.30071174377224197,0.19318181818181818,0.2643822697265011,0.13555555555555557,397.625,105.125,7.625,56.25,42.75,46.625,0,0,0
281,76,3,42,25,20,8,2658,657,48,324,300,179,106,144,7,341.667,0.2704626334519573,0.07142857142857142,0.24717832957110608,0.14814814814814814,332.25,82.125,6.0,40.5,37.5,22.375,0,0,0
593,152,23,69,75,53,6,2765,686,133,369,384,321,315,10,6,940.0,0.2563237774030354,0.3333333333333333,0.2481012658227848,0.3604336043360434,460.8333333333333,114.33333333333333,22.166666666666668,61.5,64.0,53.5,0,1,0
687,213,10,91,65,27,4,1518,448,15,196,137,89,294,445,13,350.0,0.31004366812227074,0.10989010989010989,0.2951251646903821,0.07653061224489796,379.5,112.0,3.75,49.0,34.25,22.25,0,0,0
368,103,3,48,28,54,8,1897,493,9,207,162,198,209,246,3,326.667,0.2798913043478261,0.0625,0.2598840274117027,0.043478260869565216,237.125,61.625,1.125,25.875,20.25,24.75,1,1,1
263,70,1,26,23,30,4,888,220,9,83,82,86,81,147,4,250.0,0.2661596958174905,0.038461538461538464,0.24774774774774774,0.10843373493975904,222.0,55.0,2.25,20.75,20.5,21.5,1,0,1
642,211,14,107,59,52,5,2364,770,27,352,230,193,337,19,4,740.0,0.32866043613707163,0.1308411214953271,0.3257191201353638,0.07670454545454546,472.8,154.0,5.4,70.4,46.0,38.6,1,1,1
265,68,8,26,30,29,7,1337,339,32,135,163,128,92,5,3,425.0,0.25660377358490566,0.3076923076923077,0.25355272999252054,0.23703703703703705,191.0,48.42857142857143,4.571428571428571,19.285714285714285,23.285714285714285,18.285714285714285,1,1,0
559,141,2,48,61,73,8,3162,874,16,421,349,359,352,414,9,925.0,0.2522361359570662,0.041666666666666664,0.27640733712839977,0.03800475059382423,395.25,109.25,2.0,52.625,43.625,44.875,1,0,1
520,120,17,53,44,21,4,927,227,22,106,80,52,70,144,11,185.0,0.23076923076923078,0.32075471698113206,0.24487594390507011,0.20754716981132076,231.75,56.75,5.5,26.5,20.0,13.0,0,1,0
19,4,1,2,3,1,1,19,4,1,2,3,1,692,70,8,920.0,0.21052631578947367,0.5,0.21052631578947367,0.5,19.0,4.0,1.0,2.0,3.0,1.0,1,1,0
205,43,2,24,17,20,7,854,219,12,105,99,71,131,6,1,286.667,0.2097560975609756,0.08333333333333333,0.25644028103044497,0.11428571428571428,122.0,31.285714285714285,1.7142857142857142,15.0,14.142857142857142,10.142857142857142,1,0,1
193,47,10,21,29,24,6,1136,256,42,129,139,106,299,13,5,245.0,0.24352331606217617,0.47619047619047616,0.22535211267605634,0.32558139534883723,189.33333333333334,42.666666666666664,7.0,21.5,23.166666666666668,17.666666666666668,0,1,0
213,61,4,17,22,3,17,4061,1145,83,488,491,244,178,45,4,235.0,0.2863849765258216,0.23529411764705882,0.2819502585570057,0.17008196721311475,238.88235294117646,67.3529411764706,4.882352941176471,28.705882352941178,28.88235294117647,14.352941176470589,0,1,0
510,147,10,56,52,53,7,2872,821,63,307,340,174,810,99,18,1150.0,0.28823529411764703,0.17857142857142858,0.28586350974930363,0.20521172638436483,410.2857142857143,117.28571428571429,9.0,43.857142857142854,48.57142857142857,24.857142857142858,1,0,1
578,138,1,56,59,34,3,1399,357,7,149,161,87,133,371,20,160.0,0.23875432525951557,0.017857142857142856,0.2551822730521801,0.04697986577181208,466.3333333333333,119.0,2.3333333333333335,49.666666666666664,53.666666666666664,29.0,1,0,1
441,113,5,76,52,76,5,1546,397,17,226,149,191,160,290,11,425.0,0.2562358276643991,0.06578947368421052,0.25679172056921085,0.0752212389380531,309.2,79.4,3.4,45.2,29.8,38.2,0,1,0
172,42,3,17,14,15,10,4086,1150,57,579,363,406,65,0,0,900.0,0.2441860465116279,0.17647058823529413,0.28144884973078804,0.09844559585492228,408.6,115.0,5.7,57.9,36.3,40.6,1,1,1
127,32,4,14,25,12,19,8396,2402,242,1048,1348,819,167,18,6,500.0,0.25196850393700787,0.2857142857142857,0.28608861362553595,0.23091603053435114,441.89473684210526,126.42105263157895,12.736842105263158,55.1578947368421,70.94736842105263,43.10526315789474,1,1,1
279,69,4,35,31,32,4,1359,355,31,180,148,158,133,173,9,277.5,0.24731182795698925,0.11428571428571428,0.2612214863870493,0.17222222222222222,339.75,88.75,7.75,45.0,37.0,39.5,1,0,1
480,112,18,50,71,44,7,3031,771,110,338,406,239,94,270,16,750.0,0.23333333333333334,0.36,0.2543714945562521,0.3254437869822485,433.0,110.14285714285714,15.714285714285714,48.285714285714285,58.0,34.142857142857146,1,0,1
600,139,0,94,29,60,2,1236,309,1,201,69,110,300,12,9,160.0,0.23166666666666666,0.0,0.25,0.004975124378109453,618.0,154.5,0.5,100.5,34.5,55.0,1,0,1
610,186,19,107,98,74,6,2728,753,69,399,366,286,1182,96,13,1300.0,0.30491803278688523,0.17757009345794392,0.2760263929618768,0.17293233082706766,454.6666666666667,125.5,11.5,66.5,61.0,47.666666666666664,1,0,1
360,81,5,37,44,37,7,2268,566,41,279,257,246,170,284,3,525.0,0.225,0.13513513513513514,0.2495590828924162,0.14695340501792115,324.0,80.85714285714286,5.857142857142857,39.857142857142854,36.714285714285715,35.142857142857146,1,0,1
387,124,1,67,27,36,7,1775,506,6,272,125,194,186,290,17,550.0,0.32041343669250644,0.014925373134328358,0.28507042253521125,0.022058823529411766,253.57142857142858,72.28571428571429,0.8571428571428571,38.857142857142854,17.857142857142858,27.714285714285715,1,0,1
408,117,11,66,41,34,1,408,117,11,66,41,34,942,72,11,120.0,0.2867647058823529,0.16666666666666666,0.2867647058823529,0.16666666666666666,408.0,117.0,11.0,66.0,41.0,34.0,1,1,1
593,172,22,82,100,57,1,593,172,22,82,100,57,1222,139,15,165.0,0.2900505902192243,0.2682926829268293,0.2900505902192243,0.2682926829268293,593.0,172.0,22.0,82.0,100.0,57.0,0,1,0
497,127,7,65,48,37,5,2703,806,32,379,311,138,325,9,3,700.0,0.25553319919517103,0.1076923076923077,0.2981871994080651,0.08443271767810026,540.6,161.2,6.4,75.8,62.2,27.6,1,0,1
492,136,5,76,50,94,12,5511,1511,39,897,451,875,313,381,20,875.0,0.2764227642276423,0.06578947368421052,0.27417891489747775,0.043478260869565216,459.25,125.91666666666667,3.25,74.75,37.583333333333336,72.91666666666667,0,0,0
475,126,3,61,43,52,6,1700,433,7,217,93,146,37,113,7,385.0,0.26526315789473687,0.04918032786885246,0.25470588235294117,0.03225806451612903,283.3333333333333,72.16666666666667,1.1666666666666667,36.166666666666664,15.5,24.333333333333332,0,1,0
573,144,9,85,60,78,8,3198,857,97,470,420,332,1314,131,12,960.0,0.2513089005235602,0.10588235294117647,0.2679799874921826,0.20638297872340425,399.75,107.125,12.125,58.75,52.5,41.5,0,0,0
631,170,9,77,44,31,11,4908,1457,30,775,357,249,408,4,3,1000.0,0.2694136291600634,0.11688311688311688,0.2968622656886716,0.03870967741935484,446.1818181818182,132.45454545454547,2.727272727272727,70.45454545454545,32.45454545454545,22.636363636363637,0,1,0
